{"cameraMode":{"drawMode":0,"name":"Shaded","section":"Shading Mode"},"sceneLighting":true,"audioPlay":false,"sceneViewState":{"m_AlwaysRefresh":false,"showFog":true,"showSkybox":false,"showFlares":true,"showImageEffects":true,"showParticleSystems":true,"showVisualEffectGraphs":true,"m_FxEnabled":true},"in2DMode":false,"pivot":{"x":0.3085460066795349,"y":6.033892631530762,"z":6.925385475158691},"rotation":{"x":-0.052535947412252429,"y":-0.7234298586845398,"z":-0.6862013339996338,"w":0.05547475069761276},"size":0.4632641077041626,"orthographic":false}