{"cameraMode":{"drawMode":0,"name":"Shaded","section":"Shading Mode"},"sceneLighting":true,"audioPlay":false,"sceneViewState":{"m_AlwaysRefresh":false,"showFog":true,"showSkybox":false,"showFlares":true,"showImageEffects":true,"showParticleSystems":true,"showVisualEffectGraphs":true,"m_FxEnabled":true},"in2DMode":false,"pivot":{"x":0.18341320753097535,"y":5.954143524169922,"z":7.741680145263672},"rotation":{"x":-0.22355340421199799,"y":-0.7408405542373657,"z":-0.5601654052734375,"w":0.29573774337768557},"size":0.4632338583469391,"orthographic":false}