{"cameraMode":{"drawMode":0,"name":"Shaded","section":"Shading Mode"},"sceneLighting":false,"audioPlay":false,"sceneViewState":{"m_AlwaysRefresh":false,"showFog":true,"showSkybox":false,"showFlares":true,"showImageEffects":true,"showParticleSystems":true,"showVisualEffectGraphs":true,"m_FxEnabled":true},"in2DMode":false,"pivot":{"x":-0.1956920325756073,"y":1.736682415008545,"z":-1.6061947345733643},"rotation":{"x":0.002725101774558425,"y":0.9958238005638123,"z":-0.03168759122490883,"w":0.08565370738506317},"size":1.1345384120941163,"orthographic":false}