{"cameraMode":{"drawMode":0,"name":"Shaded","section":"Shading Mode"},"sceneLighting":false,"audioPlay":false,"sceneViewState":{"m_AlwaysRefresh":false,"showFog":true,"showSkybox":false,"showFlares":true,"showImageEffects":true,"showParticleSystems":true,"showVisualEffectGraphs":true,"m_FxEnabled":true},"in2DMode":false,"pivot":{"x":0.845210611820221,"y":3.5290846824645998,"z":-0.42042768001556399},"rotation":{"x":-0.005502994637936354,"y":0.9904031753540039,"z":-0.1318102329969406,"w":-0.04132094979286194},"size":0.37018999457359316,"orthographic":false}