{"cameraMode":{"drawMode":0,"name":"Shaded","section":"Shading Mode"},"sceneLighting":false,"audioPlay":false,"sceneViewState":{"m_AlwaysRefresh":false,"showFog":true,"showSkybox":false,"showFlares":true,"showImageEffects":true,"showParticleSystems":true,"showVisualEffectGraphs":true,"m_FxEnabled":true},"in2DMode":false,"pivot":{"x":0.10428231954574585,"y":1.806480884552002,"z":-2.3287177085876467},"rotation":{"x":0.0675126314163208,"y":0.9310295581817627,"z":-0.27916082739830019,"w":0.22517897188663484},"size":1.2573765516281129,"orthographic":false}