{"cameraMode":{"drawMode":0,"name":"Shaded","section":"Shading Mode"},"sceneLighting":false,"audioPlay":false,"sceneViewState":{"m_AlwaysRefresh":false,"showFog":true,"showSkybox":false,"showFlares":true,"showImageEffects":true,"showParticleSystems":true,"showVisualEffectGraphs":true,"m_FxEnabled":true},"in2DMode":false,"pivot":{"x":-0.08918319642543793,"y":0.044250622391700748,"z":11.758771896362305},"rotation":{"x":0.08592044562101364,"y":0.8448076248168945,"z":-0.14275461435317994,"w":0.5084683299064636},"size":0.3909376561641693,"orthographic":false}