{"cameraMode":{"drawMode":0,"name":"Shaded","section":"Shading Mode"},"sceneLighting":false,"audioPlay":false,"sceneViewState":{"m_AlwaysRefresh":false,"showFog":true,"showSkybox":false,"showFlares":true,"showImageEffects":true,"showParticleSystems":true,"showVisualEffectGraphs":true,"m_FxEnabled":true},"in2DMode":false,"pivot":{"x":-0.05941610783338547,"y":3.5982534885406496,"z":0.25468340516090395},"rotation":{"x":-0.0027603385969996454,"y":0.9921947121620178,"z":-0.12265918403863907,"w":-0.022328216582536699},"size":0.2907683551311493,"orthographic":false}