{"cameraMode":{"drawMode":0,"name":"Shaded","section":"Shading Mode"},"sceneLighting":false,"audioPlay":false,"sceneViewState":{"m_AlwaysRefresh":false,"showFog":true,"showSkybox":false,"showFlares":true,"showImageEffects":true,"showParticleSystems":true,"showVisualEffectGraphs":true,"m_FxEnabled":true},"in2DMode":false,"pivot":{"x":0.3630649447441101,"y":4.380342483520508,"z":0.030868470668792726},"rotation":{"x":0.04154173657298088,"y":0.9415990114212036,"z":-0.1264553815126419,"w":0.3093189597129822},"size":0.8307035565376282,"orthographic":false}