{"cameraMode":{"drawMode":0,"name":"Shaded","section":"Shading Mode"},"sceneLighting":false,"audioPlay":false,"sceneViewState":{"m_AlwaysRefresh":false,"showFog":true,"showSkybox":false,"showFlares":true,"showImageEffects":true,"showParticleSystems":true,"showVisualEffectGraphs":true,"m_FxEnabled":true},"in2DMode":false,"pivot":{"x":-0.3423842191696167,"y":2.010695457458496,"z":0.20614242553710938},"rotation":{"x":0.0921664610505104,"y":0.6550734639167786,"z":-0.08098284900188446,"w":0.7455382347106934},"size":0.19885484874248506,"orthographic":false}