{"cameraMode":{"drawMode":0,"name":"Shaded","section":"Shading Mode"},"sceneLighting":false,"audioPlay":false,"sceneViewState":{"m_AlwaysRefresh":false,"showFog":true,"showSkybox":false,"showFlares":true,"showImageEffects":true,"showParticleSystems":true,"showVisualEffectGraphs":true,"m_FxEnabled":true},"in2DMode":false,"pivot":{"x":-0.2131200134754181,"y":1.9597160816192628,"z":0.2708419859409332},"rotation":{"x":0.1713397204875946,"y":0.6299220323562622,"z":-0.14516808092594148,"w":0.7434852123260498},"size":0.23218688368797303,"orthographic":false}