{"cameraMode":{"drawMode":0,"name":"Shaded","section":"Shading Mode"},"sceneLighting":false,"audioPlay":false,"sceneViewState":{"m_AlwaysRefresh":false,"showFog":true,"showSkybox":false,"showFlares":true,"showImageEffects":true,"showParticleSystems":true,"showVisualEffectGraphs":true,"m_FxEnabled":true},"in2DMode":false,"pivot":{"x":-17.644691467285158,"y":2.43377685546875,"z":44.624237060546878},"rotation":{"x":0.04788787290453911,"y":-0.06226280331611633,"z":0.0029936933424323799,"w":0.9969208240509033},"size":26.513843536376954,"orthographic":false}