{"cameraMode":{"drawMode":0,"name":"Shaded","section":"Shading Mode"},"sceneLighting":true,"audioPlay":false,"sceneViewState":{"m_AlwaysRefresh":false,"showFog":true,"showSkybox":true,"showFlares":true,"showImageEffects":true,"showParticleSystems":true,"showVisualEffectGraphs":true,"m_FxEnabled":true},"in2DMode":false,"pivot":{"x":-40.050167083740237,"y":8.015313148498536,"z":-63.090850830078128},"rotation":{"x":-0.0000063099164435698189,"y":0.9732294082641602,"z":0.0000025408614874322667,"w":-0.229889914393425},"size":32.81572723388672,"orthographic":false}