{"cameraMode":{"drawMode":0,"name":"Shaded","section":"Shading Mode"},"sceneLighting":true,"audioPlay":false,"sceneViewState":{"m_AlwaysRefresh":false,"showFog":true,"showSkybox":true,"showFlares":true,"showImageEffects":true,"showParticleSystems":true,"showVisualEffectGraphs":true,"m_FxEnabled":true},"in2DMode":false,"pivot":{"x":-0.8399999737739563,"y":1.8227580785751343,"z":-0.796999990940094},"rotation":{"x":0.04970835894346237,"y":-0.9133633375167847,"z":0.3867031931877136,"w":0.11743758618831635},"size":1.0959346294403077,"orthographic":false}