{"cameraMode":{"drawMode":0,"name":"Shaded","section":"Shading Mode"},"sceneLighting":true,"audioPlay":false,"sceneViewState":{"m_AlwaysRefresh":false,"showFog":true,"showSkybox":true,"showFlares":true,"showImageEffects":true,"showParticleSystems":true,"showVisualEffectGraphs":true,"m_FxEnabled":true},"in2DMode":false,"pivot":{"x":989.0550537109375,"y":543.381591796875,"z":-798.7009887695313},"rotation":{"x":-0.0014995704405009747,"y":-0.0039015086367726328,"z":2.1430645347209066e-7,"w":0.9999980926513672},"size":9.385683059692383,"orthographic":false}