{"cameraMode":{"drawMode":0,"name":"Shaded","section":"Shading Mode"},"sceneLighting":true,"audioPlay":false,"sceneViewState":{"m_AlwaysRefresh":false,"showFog":true,"showSkybox":true,"showFlares":true,"showImageEffects":true,"showParticleSystems":true,"showVisualEffectGraphs":true,"m_FxEnabled":true},"in2DMode":false,"pivot":{"x":0.6338171362876892,"y":3.6204795837402345,"z":-0.6790258288383484},"rotation":{"x":0.005364204756915569,"y":-0.9892160892486572,"z":0.14161661267280579,"w":0.03783753886818886},"size":0.5386292338371277,"orthographic":false}