{"cameraMode":{"drawMode":0,"name":"Shaded","section":"Shading Mode"},"sceneLighting":true,"audioPlay":false,"sceneViewState":{"m_AlwaysRefresh":false,"showFog":true,"showSkybox":true,"showFlares":true,"showImageEffects":true,"showParticleSystems":true,"showVisualEffectGraphs":true,"m_FxEnabled":true},"in2DMode":false,"pivot":{"x":-0.6867731213569641,"y":4.1412672996521,"z":-0.865799069404602},"rotation":{"x":0.00022648270532954484,"y":0.999333918094635,"z":-0.03599134087562561,"w":0.006292412988841534},"size":0.7696555852890015,"orthographic":false}