{"cameraMode":{"drawMode":0,"name":"Shaded","section":"Shading Mode"},"sceneLighting":true,"audioPlay":false,"sceneViewState":{"m_AlwaysRefresh":false,"showFog":true,"showSkybox":true,"showFlares":true,"showImageEffects":true,"showParticleSystems":true,"showVisualEffectGraphs":true,"m_FxEnabled":true},"in2DMode":false,"pivot":{"x":-0.7504509091377258,"y":1.5503326654434205,"z":-7.007425308227539},"rotation":{"x":-0.009822433814406395,"y":0.9873455166816711,"z":-0.1431673765182495,"w":-0.0677010640501976},"size":3.6594698429107668,"orthographic":false}