{"cameraMode":{"drawMode":0,"name":"Shaded","section":"Shading Mode"},"sceneLighting":true,"audioPlay":false,"sceneViewState":{"m_AlwaysRefresh":false,"showFog":true,"showSkybox":true,"showFlares":true,"showImageEffects":true,"showParticleSystems":true,"showVisualEffectGraphs":true,"m_FxEnabled":true},"in2DMode":false,"pivot":{"x":1.23976731300354,"y":3.4169416427612306,"z":-1.4346163272857667},"rotation":{"x":0.057524118572473529,"y":0.8942006826400757,"z":-0.12037188559770584,"w":0.4273264706134796},"size":1.3770935535430909,"orthographic":false}