{"cameraMode":{"drawMode":0,"name":"Shaded","section":"Shading Mode"},"sceneLighting":true,"audioPlay":false,"sceneViewState":{"m_AlwaysRefresh":false,"showFog":true,"showSkybox":true,"showFlares":true,"showImageEffects":true,"showParticleSystems":true,"showVisualEffectGraphs":true,"m_FxEnabled":true},"in2DMode":false,"pivot":{"x":-10.743546485900879,"y":5.4320292472839359,"z":-10.520505905151368},"rotation":{"x":0.004469275940209627,"y":-0.992449939250946,"z":0.11665865033864975,"w":0.03789649158716202},"size":1.4485690593719483,"orthographic":false}