{"cameraMode":{"drawMode":0,"name":"Shaded","section":"Shading Mode"},"sceneLighting":true,"audioPlay":false,"sceneViewState":{"m_AlwaysRefresh":false,"showFog":true,"showSkybox":true,"showFlares":true,"showImageEffects":true,"showParticleSystems":true,"showVisualEffectGraphs":true,"m_FxEnabled":true},"in2DMode":false,"pivot":{"x":-8.65772533416748,"y":3.2960166931152345,"z":25.755767822265626},"rotation":{"x":-0.003576568327844143,"y":-0.9921857714653015,"z":0.12144412845373154,"w":-0.02998313121497631},"size":0.3342260718345642,"orthographic":false}