{"cameraMode":{"drawMode":0,"name":"Shaded","section":"Shading Mode"},"sceneLighting":false,"audioPlay":false,"sceneViewState":{"m_AlwaysRefresh":false,"showFog":true,"showSkybox":false,"showFlares":true,"showImageEffects":true,"showParticleSystems":true,"showVisualEffectGraphs":true,"m_FxEnabled":true},"in2DMode":false,"pivot":{"x":0.014308381825685501,"y":3.2870025634765627,"z":-0.6513094902038574},"rotation":{"x":0.015468076802790165,"y":0.9844063520431519,"z":-0.1157039999961853,"w":0.131601482629776},"size":0.026190176606178285,"orthographic":false}