{"cameraMode":{"drawMode":0,"name":"Shaded","section":"Shading Mode"},"sceneLighting":false,"audioPlay":false,"sceneViewState":{"m_AlwaysRefresh":false,"showFog":true,"showSkybox":false,"showFlares":true,"showImageEffects":true,"showParticleSystems":true,"showVisualEffectGraphs":true,"m_FxEnabled":true},"in2DMode":false,"pivot":{"x":0.21273581683635713,"y":2.4780378341674806,"z":-0.2577827572822571},"rotation":{"x":0.011240358464419842,"y":0.9685072302818298,"z":-0.2447231560945511,"w":0.04448428004980087},"size":0.5498492121696472,"orthographic":false}