{"cameraMode":{"drawMode":0,"name":"Shaded","section":"Shading Mode"},"sceneLighting":false,"audioPlay":false,"sceneViewState":{"m_AlwaysRefresh":false,"showFog":true,"showSkybox":false,"showFlares":true,"showImageEffects":true,"showParticleSystems":true,"showVisualEffectGraphs":true,"m_FxEnabled":true},"in2DMode":false,"pivot":{"x":-0.0022689970210194589,"y":3.2257301807403566,"z":-1.0068411827087403},"rotation":{"x":0.002986572915688157,"y":0.994089663028717,"z":-0.1047649160027504,"w":0.02833944745361805},"size":0.2674815058708191,"orthographic":false}