{"cameraMode":{"drawMode":0,"name":"Shaded","section":"Shading Mode"},"sceneLighting":false,"audioPlay":false,"sceneViewState":{"m_AlwaysRefresh":false,"showFog":true,"showSkybox":false,"showFlares":true,"showImageEffects":true,"showParticleSystems":true,"showVisualEffectGraphs":true,"m_FxEnabled":true},"in2DMode":false,"pivot":{"x":0.3255675137042999,"y":3.903832197189331,"z":-1.1329102516174317},"rotation":{"x":0.002986572915688157,"y":0.994089663028717,"z":-0.1047649160027504,"w":0.02833944745361805},"size":0.5864781737327576,"orthographic":false}