{"cameraMode":{"drawMode":0,"name":"Shaded","section":"Shading Mode"},"sceneLighting":false,"audioPlay":false,"sceneViewState":{"m_AlwaysRefresh":false,"showFog":true,"showSkybox":false,"showFlares":true,"showImageEffects":true,"showParticleSystems":true,"showVisualEffectGraphs":true,"m_FxEnabled":true},"in2DMode":false,"pivot":{"x":0.3791671395301819,"y":3.580906391143799,"z":-0.5122318863868713},"rotation":{"x":-0.008236524648964405,"y":0.9917023777961731,"z":-0.08499779552221298,"w":-0.09609940648078919},"size":0.5653358101844788,"orthographic":false}