{"cameraMode":{"drawMode":0,"name":"Shaded","section":"Shading Mode"},"sceneLighting":false,"audioPlay":false,"sceneViewState":{"m_AlwaysRefresh":false,"showFog":true,"showSkybox":false,"showFlares":true,"showImageEffects":true,"showParticleSystems":true,"showVisualEffectGraphs":true,"m_FxEnabled":true},"in2DMode":false,"pivot":{"x":0.25931885838508608,"y":3.9023640155792238,"z":-0.6951319575309753},"rotation":{"x":-0.015607421286404133,"y":0.9800156354904175,"z":-0.08547724783420563,"w":-0.17894209921360017},"size":0.9482720494270325,"orthographic":false}