{"cameraMode":{"drawMode":0,"name":"Shaded","section":"Shading Mode"},"sceneLighting":false,"audioPlay":false,"sceneViewState":{"m_AlwaysRefresh":false,"showFog":true,"showSkybox":false,"showFlares":true,"showImageEffects":true,"showParticleSystems":true,"showVisualEffectGraphs":true,"m_FxEnabled":true},"in2DMode":false,"pivot":{"x":0.28184688091278078,"y":3.2950003147125246,"z":-0.5601034164428711},"rotation":{"x":-0.0119862649589777,"y":0.8208966851234436,"z":0.01724136807024479,"w":0.5706906318664551},"size":0.04430235177278519,"orthographic":false}