{"cameraMode":{"drawMode":0,"name":"Shaded","section":"Shading Mode"},"sceneLighting":true,"audioPlay":false,"sceneViewState":{"m_AlwaysRefresh":false,"showFog":true,"showSkybox":true,"showFlares":true,"showImageEffects":true,"showParticleSystems":true,"showVisualEffectGraphs":true,"m_FxEnabled":true},"in2DMode":false,"pivot":{"x":3.993303060531616,"y":0.36048078536987307,"z":-5.944103240966797},"rotation":{"x":0.0033847743179649116,"y":0.9693619012832642,"z":-0.24525846540927888,"w":0.013378975912928582},"size":5.230477333068848,"orthographic":false}