{"cameraMode":{"drawMode":0,"name":"Shaded","section":"Shading Mode"},"sceneLighting":false,"audioPlay":false,"sceneViewState":{"m_AlwaysRefresh":false,"showFog":true,"showSkybox":false,"showFlares":true,"showImageEffects":true,"showParticleSystems":true,"showVisualEffectGraphs":true,"m_FxEnabled":true},"in2DMode":false,"pivot":{"x":0.1043301448225975,"y":-0.006720051169395447,"z":11.565688133239746},"rotation":{"x":-0.008568580262362957,"y":-0.9789737462997437,"z":0.1994667947292328,"w":-0.042030058801174167},"size":0.13188888132572175,"orthographic":false}