{"cameraMode":{"drawMode":0,"name":"Shaded","section":"Shading Mode"},"sceneLighting":true,"audioPlay":false,"sceneViewState":{"m_AlwaysRefresh":false,"showFog":true,"showSkybox":true,"showFlares":true,"showImageEffects":true,"showParticleSystems":true,"showVisualEffectGraphs":true,"m_FxEnabled":true},"in2DMode":false,"pivot":{"x":0.4039699137210846,"y":2.369852066040039,"z":-2.522005796432495},"rotation":{"x":0.023138342425227166,"y":0.9686397314071655,"z":-0.22721530497074128,"w":0.09852200746536255},"size":1.1859792470932007,"orthographic":false}