{"cameraMode":{"drawMode":0,"name":"Shaded","section":"Shading Mode"},"sceneLighting":true,"audioPlay":false,"sceneViewState":{"m_AlwaysRefresh":false,"showFog":true,"showSkybox":true,"showFlares":true,"showImageEffects":true,"showParticleSystems":true,"showVisualEffectGraphs":true,"m_FxEnabled":true},"in2DMode":false,"pivot":{"x":0.4881414771080017,"y":5.766105651855469,"z":0.1366158127784729},"rotation":{"x":0.46400830149650576,"y":-0.42173126339912417,"z":-0.26747092604637148,"w":-0.7316461205482483},"size":0.32984617352485659,"orthographic":false}