{"cameraMode":{"drawMode":0,"name":"Shaded","section":"Shading Mode"},"sceneLighting":false,"audioPlay":false,"sceneViewState":{"m_AlwaysRefresh":false,"showFog":true,"showSkybox":false,"showFlares":true,"showImageEffects":true,"showParticleSystems":true,"showVisualEffectGraphs":true,"m_FxEnabled":true},"in2DMode":false,"pivot":{"x":-0.24471962451934815,"y":0.01437949575483799,"z":10.148126602172852},"rotation":{"x":0.0051384116522967819,"y":-0.9947925209999085,"z":-0.07954065501689911,"w":-0.06395705044269562},"size":0.3572937548160553,"orthographic":false}