{"cameraMode":{"drawMode":0,"name":"Shaded","section":"Shading Mode"},"sceneLighting":false,"audioPlay":false,"sceneViewState":{"m_AlwaysRefresh":false,"showFog":true,"showSkybox":false,"showFlares":true,"showImageEffects":true,"showParticleSystems":true,"showVisualEffectGraphs":true,"m_FxEnabled":true},"in2DMode":false,"pivot":{"x":0.03819999843835831,"y":3.7100000381469728,"z":0.12240386009216309},"rotation":{"x":0.1994411200284958,"y":0.7196942567825317,"z":0.6240023970603943,"w":-0.23003670573234559},"size":1.000388264656067,"orthographic":false}