{"cameraMode":{"drawMode":0,"name":"Shaded","section":"Shading Mode"},"sceneLighting":false,"audioPlay":false,"sceneViewState":{"m_AlwaysRefresh":false,"showFog":true,"showSkybox":false,"showFlares":true,"showImageEffects":true,"showParticleSystems":true,"showVisualEffectGraphs":true,"m_FxEnabled":true},"in2DMode":false,"pivot":{"x":0.19296413660049439,"y":-0.1544453501701355,"z":10.213642120361329},"rotation":{"x":0.04068005457520485,"y":-0.8374307155609131,"z":0.06292535364627838,"w":0.5413835644721985},"size":0.5310405492782593,"orthographic":false}