{"cameraMode":{"drawMode":0,"name":"Shaded","section":"Shading Mode"},"sceneLighting":false,"audioPlay":false,"sceneViewState":{"m_AlwaysRefresh":false,"showFog":true,"showSkybox":false,"showFlares":true,"showImageEffects":true,"showParticleSystems":true,"showVisualEffectGraphs":true,"m_FxEnabled":true},"in2DMode":false,"pivot":{"x":0.09947311878204346,"y":0.14040955901145936,"z":10.365936279296875},"rotation":{"x":0.13309802114963532,"y":-0.7034206986427307,"z":0.1367412507534027,"w":0.6846799254417419},"size":0.5422083139419556,"orthographic":false}