{"cameraMode":{"drawMode":0,"name":"Shaded","section":"Shading Mode"},"sceneLighting":false,"audioPlay":false,"sceneViewState":{"m_AlwaysRefresh":false,"showFog":true,"showSkybox":false,"showFlares":true,"showImageEffects":true,"showParticleSystems":true,"showVisualEffectGraphs":true,"m_FxEnabled":true},"in2DMode":false,"pivot":{"x":0.00015461072325706482,"y":0.06390289962291718,"z":11.900279998779297},"rotation":{"x":0.022752169519662858,"y":0.9571132063865662,"z":-0.2779507040977478,"w":0.0792199969291687},"size":0.23069289326667787,"orthographic":false}