{"cameraMode":{"drawMode":0,"name":"Shaded","section":"Shading Mode"},"sceneLighting":false,"audioPlay":false,"sceneViewState":{"m_AlwaysRefresh":false,"showFog":true,"showSkybox":false,"showFlares":true,"showImageEffects":true,"showParticleSystems":true,"showVisualEffectGraphs":true,"m_FxEnabled":true},"in2DMode":false,"pivot":{"x":1.0041470527648926,"y":-0.12366459518671036,"z":10.262104988098145},"rotation":{"x":-0.001762961270287633,"y":0.9982370138168335,"z":-0.04195063188672066,"w":-0.04195055738091469},"size":0.32238152623176577,"orthographic":false}