{"cameraMode":{"drawMode":0,"name":"Shaded","section":"Shading Mode"},"sceneLighting":false,"audioPlay":false,"sceneViewState":{"m_AlwaysRefresh":false,"showFog":true,"showSkybox":false,"showFlares":true,"showImageEffects":true,"showParticleSystems":true,"showVisualEffectGraphs":true,"m_FxEnabled":true},"in2DMode":false,"pivot":{"x":-0.011104300618171692,"y":-1.4228631258010865,"z":10.268879890441895},"rotation":{"x":0.06905423104763031,"y":0.9125705361366272,"z":-0.17314070463180543,"w":0.3639632761478424},"size":0.40560781955718996,"orthographic":false}