{"cameraMode":{"drawMode":0,"name":"Shaded","section":"Shading Mode"},"sceneLighting":false,"audioPlay":false,"sceneViewState":{"m_AlwaysRefresh":false,"showFog":true,"showSkybox":false,"showFlares":true,"showImageEffects":true,"showParticleSystems":true,"showVisualEffectGraphs":true,"m_FxEnabled":true},"in2DMode":false,"pivot":{"x":0.45938003063201907,"y":0.4230291247367859,"z":10.06652545928955},"rotation":{"x":-0.018645940348505975,"y":0.9689766764640808,"z":-0.07719630002975464,"w":-0.234046071767807},"size":0.3581191897392273,"orthographic":false}