{"cameraMode":{"drawMode":0,"name":"Shaded","section":"Shading Mode"},"sceneLighting":false,"audioPlay":false,"sceneViewState":{"m_AlwaysRefresh":false,"showFog":true,"showSkybox":false,"showFlares":true,"showImageEffects":true,"showParticleSystems":true,"showVisualEffectGraphs":true,"m_FxEnabled":true},"in2DMode":false,"pivot":{"x":-0.15481778979301454,"y":6.122153282165527,"z":-0.0887075662612915},"rotation":{"x":-0.09930607676506043,"y":-0.8876358270645142,"z":-0.22713202238082887,"w":0.3881663680076599},"size":0.46323394775390627,"orthographic":false}