{"cameraMode":{"drawMode":0,"name":"Shaded","section":"Shading Mode"},"sceneLighting":false,"audioPlay":false,"sceneViewState":{"m_AlwaysRefresh":false,"showFog":true,"showSkybox":false,"showFlares":true,"showImageEffects":true,"showParticleSystems":true,"showVisualEffectGraphs":true,"m_FxEnabled":true},"in2DMode":false,"pivot":{"x":1.4364709854125977,"y":6.193406581878662,"z":0.42919600009918215},"rotation":{"x":0.028239432722330095,"y":-0.6198354959487915,"z":-0.02231825329363346,"w":-0.7839183807373047},"size":1.049324631690979,"orthographic":false}