{"cameraMode":{"drawMode":0,"name":"Shaded","section":"Shading Mode"},"sceneLighting":false,"audioPlay":false,"sceneViewState":{"m_AlwaysRefresh":false,"showFog":true,"showSkybox":false,"showFlares":true,"showImageEffects":true,"showParticleSystems":true,"showVisualEffectGraphs":true,"m_FxEnabled":true},"in2DMode":false,"pivot":{"x":-0.42563772201538088,"y":2.8661575317382814,"z":-1.1069027185440064},"rotation":{"x":-0.0006513420958071947,"y":0.9991610050201416,"z":-0.03748462721705437,"w":-0.017135586589574815},"size":0.4759439527988434,"orthographic":false}