{"cameraMode":{"drawMode":0,"name":"Shaded","section":"Shading Mode"},"sceneLighting":false,"audioPlay":false,"sceneViewState":{"m_AlwaysRefresh":false,"showFog":true,"showSkybox":false,"showFlares":true,"showImageEffects":true,"showParticleSystems":true,"showVisualEffectGraphs":true,"m_FxEnabled":true},"in2DMode":false,"pivot":{"x":-0.16514666378498078,"y":6.165189743041992,"z":-0.7497694492340088},"rotation":{"x":-0.012872233055531979,"y":-0.8760740160942078,"z":-0.4814506769180298,"w":0.02343515120446682},"size":0.632333517074585,"orthographic":false}