{"cameraMode":{"drawMode":0,"name":"Shaded","section":"Shading Mode"},"sceneLighting":false,"audioPlay":false,"sceneViewState":{"m_AlwaysRefresh":false,"showFog":true,"showSkybox":false,"showFlares":true,"showImageEffects":true,"showParticleSystems":true,"showVisualEffectGraphs":true,"m_FxEnabled":true},"in2DMode":false,"pivot":{"x":-0.1113385558128357,"y":3.4947123527526857,"z":0.6985595226287842},"rotation":{"x":0.04067908972501755,"y":-0.9592907428741455,"z":0.19245727360248567,"w":0.20269979536533357},"size":1.7269402742385865,"orthographic":false}