{"cameraMode":{"drawMode":0,"name":"Shaded","section":"Shading Mode"},"sceneLighting":true,"audioPlay":false,"sceneViewState":{"m_AlwaysRefresh":false,"showFog":true,"showSkybox":false,"showFlares":true,"showImageEffects":true,"showParticleSystems":true,"showVisualEffectGraphs":true,"m_FxEnabled":true},"in2DMode":false,"pivot":{"x":-0.006999999284744263,"y":6.050381183624268,"z":-8.940696716308594e-8},"rotation":{"x":0.20435379445552827,"y":0.7205532193183899,"z":0.2381361871957779,"w":-0.6183328032493591},"size":0.41907814145088198,"orthographic":false}