{"cameraMode":{"drawMode":0,"name":"Shaded","section":"Shading Mode"},"sceneLighting":false,"audioPlay":false,"sceneViewState":{"m_AlwaysRefresh":false,"showFog":true,"showSkybox":false,"showFlares":true,"showImageEffects":true,"showParticleSystems":true,"showVisualEffectGraphs":true,"m_FxEnabled":true},"in2DMode":false,"pivot":{"x":-0.29005181789398196,"y":6.177331447601318,"z":0.02199229970574379},"rotation":{"x":0.5434738397598267,"y":-0.41186589002609255,"z":-0.34789544343948367,"w":-0.643406867980957},"size":0.8307300806045532,"orthographic":false}