{"cameraMode":{"drawMode":0,"name":"Shaded","section":"Shading Mode"},"sceneLighting":true,"audioPlay":false,"sceneViewState":{"m_AlwaysRefresh":false,"showFog":true,"showSkybox":true,"showFlares":true,"showImageEffects":true,"showParticleSystems":true,"showVisualEffectGraphs":true,"m_FxEnabled":true},"in2DMode":false,"pivot":{"x":2.8129940032958986,"y":3.134488582611084,"z":-1.1587777137756348},"rotation":{"x":-0.006351472344249487,"y":0.9935138821601868,"z":0.07165724784135819,"w":0.088157057762146},"size":3.0030770301818849,"orthographic":false}