{"cameraMode":{"drawMode":0,"name":"Shaded","section":"Shading Mode"},"sceneLighting":true,"audioPlay":false,"sceneViewState":{"m_AlwaysRefresh":false,"showFog":true,"showSkybox":true,"showFlares":true,"showImageEffects":true,"showParticleSystems":true,"showVisualEffectGraphs":true,"m_FxEnabled":true},"in2DMode":false,"pivot":{"x":0.06773188710212708,"y":4.337613582611084,"z":0.766801118850708},"rotation":{"x":-0.029934581369161607,"y":0.9639130234718323,"z":-0.1232847198843956,"w":-0.23404687643051148},"size":0.4551984369754791,"orthographic":false}