{"cameraMode":{"drawMode":0,"name":"Shaded","section":"Shading Mode"},"sceneLighting":true,"audioPlay":false,"sceneViewState":{"m_AlwaysRefresh":false,"showFog":true,"showSkybox":true,"showFlares":true,"showImageEffects":true,"showParticleSystems":true,"showVisualEffectGraphs":true,"m_FxEnabled":true},"in2DMode":false,"pivot":{"x":1.0386227369308472,"y":0.15917937457561494,"z":0.685746431350708},"rotation":{"x":0.05107228830456734,"y":0.8564423322677612,"z":-0.0863603875041008,"w":0.5064160227775574},"size":0.4604799449443817,"orthographic":false}