{"cameraMode":{"drawMode":0,"name":"Shaded","section":"Shading Mode"},"sceneLighting":false,"audioPlay":false,"sceneViewState":{"m_AlwaysRefresh":false,"showFog":true,"showSkybox":false,"showFlares":true,"showImageEffects":true,"showParticleSystems":true,"showVisualEffectGraphs":true,"m_FxEnabled":true},"in2DMode":false,"pivot":{"x":0.40515807271003725,"y":3.538191318511963,"z":-0.02678719162940979},"rotation":{"x":0.05800079181790352,"y":-0.9308149218559265,"z":0.32001176476478579,"w":0.1674824208021164},"size":0.2857760190963745,"orthographic":false}