{"cameraMode":{"drawMode":0,"name":"Shaded","section":"Shading Mode"},"sceneLighting":false,"audioPlay":false,"sceneViewState":{"m_AlwaysRefresh":false,"showFog":true,"showSkybox":false,"showFlares":true,"showImageEffects":true,"showParticleSystems":true,"showVisualEffectGraphs":true,"m_FxEnabled":true},"in2DMode":false,"pivot":{"x":-0.4007868766784668,"y":2.9044559001922609,"z":-0.7219036817550659},"rotation":{"x":0.024816151708364488,"y":0.9574404358863831,"z":-0.27427852153778078,"w":0.08661464601755142},"size":0.3104676306247711,"orthographic":false}