{"cameraMode":{"drawMode":0,"name":"Shaded","section":"Shading Mode"},"sceneLighting":true,"audioPlay":false,"sceneViewState":{"m_AlwaysRefresh":false,"showFog":true,"showSkybox":true,"showFlares":true,"showImageEffects":true,"showParticleSystems":true,"showVisualEffectGraphs":true,"m_FxEnabled":true},"in2DMode":false,"pivot":{"x":0.5480126142501831,"y":0.42622119188308718,"z":0.24207168817520142},"rotation":{"x":0.06247372180223465,"y":-0.8833765983581543,"z":0.44784682989120486,"w":0.12323307245969773},"size":9.924697875976563,"orthographic":false}