{"cameraMode":{"drawMode":0,"name":"Shaded","section":"Shading Mode"},"sceneLighting":true,"audioPlay":false,"sceneViewState":{"m_AlwaysRefresh":false,"showFog":true,"showSkybox":true,"showFlares":true,"showImageEffects":true,"showParticleSystems":true,"showVisualEffectGraphs":true,"m_FxEnabled":true},"in2DMode":false,"pivot":{"x":0.3139607906341553,"y":2.3447113037109377,"z":0.21929562091827393},"rotation":{"x":-0.09405864030122757,"y":-0.7088290452957153,"z":0.09628145396709442,"w":-0.6924253106117249},"size":2.0003292560577394,"orthographic":false}