{"cameraMode":{"drawMode":0,"name":"Shaded","section":"Shading Mode"},"sceneLighting":true,"audioPlay":false,"sceneViewState":{"m_AlwaysRefresh":false,"showFog":true,"showSkybox":true,"showFlares":true,"showImageEffects":true,"showParticleSystems":true,"showVisualEffectGraphs":true,"m_FxEnabled":true},"in2DMode":false,"pivot":{"x":3.6794638633728029,"y":-9.460138320922852,"z":0.3919837474822998},"rotation":{"x":-0.40640702843666079,"y":0.1515374779701233,"z":-0.06854860484600067,"w":-0.8984273672103882},"size":12.082100868225098,"orthographic":false}