{"cameraMode":{"drawMode":0,"name":"Shaded","section":"Shading Mode"},"sceneLighting":true,"audioPlay":false,"sceneViewState":{"m_AlwaysRefresh":false,"showFog":true,"showSkybox":true,"showFlares":true,"showImageEffects":true,"showParticleSystems":true,"showVisualEffectGraphs":true,"m_FxEnabled":true},"in2DMode":false,"pivot":{"x":-0.07430732250213623,"y":0.010872900485992432,"z":-0.03146585822105408},"rotation":{"x":0.19604860246181489,"y":-0.8002415299415588,"z":0.4440055787563324,"w":0.3525380492210388},"size":1.1197655200958253,"orthographic":false}