{"cameraMode":{"drawMode":0,"name":"Shaded","section":"Shading Mode"},"sceneLighting":true,"audioPlay":false,"sceneViewState":{"m_AlwaysRefresh":false,"showFog":true,"showSkybox":true,"showFlares":true,"showImageEffects":true,"showParticleSystems":true,"showVisualEffectGraphs":true,"m_FxEnabled":true},"in2DMode":false,"pivot":{"x":-0.6619407534599304,"y":1.8218748569488526,"z":-1.9754247665405274},"rotation":{"x":0.0051805730909109119,"y":-0.9451747536659241,"z":0.3266025483608246,"w":0.01372176967561245},"size":1.0327895879745484,"orthographic":false}