{"cameraMode":{"drawMode":0,"name":"Shaded","section":"Shading Mode"},"sceneLighting":true,"audioPlay":false,"sceneViewState":{"m_AlwaysRefresh":false,"showFog":true,"showSkybox":true,"showFlares":true,"showImageEffects":true,"showParticleSystems":true,"showVisualEffectGraphs":true,"m_FxEnabled":true},"in2DMode":false,"pivot":{"x":87.4659194946289,"y":11.898028373718262,"z":11.349261283874512},"rotation":{"x":-0.03902637958526611,"y":0.6625576019287109,"z":0.034618545323610309,"w":0.7472074031829834},"size":46.919864654541019,"orthographic":false}