{"cameraMode":{"drawMode":0,"name":"Shaded","section":"Shading Mode"},"sceneLighting":true,"audioPlay":false,"sceneViewState":{"m_AlwaysRefresh":false,"showFog":true,"showSkybox":true,"showFlares":true,"showImageEffects":true,"showParticleSystems":true,"showVisualEffectGraphs":true,"m_FxEnabled":true},"in2DMode":false,"pivot":{"x":1010.4000244140625,"y":382.0799865722656,"z":-189.60000610351563},"rotation":{"x":-0.16261866688728333,"y":0.19863107800483704,"z":0.033438581973314288,"w":0.9659256935119629},"size":1017.7335815429688,"orthographic":false}