{"cameraMode":{"drawMode":0,"name":"Shaded","section":"Shading Mode"},"sceneLighting":true,"audioPlay":false,"sceneViewState":{"m_AlwaysRefresh":false,"showFog":true,"showSkybox":true,"showFlares":true,"showImageEffects":true,"showParticleSystems":true,"showVisualEffectGraphs":true,"m_FxEnabled":true},"in2DMode":false,"pivot":{"x":3.2927873134613039,"y":3.132413148880005,"z":1.123463749885559},"rotation":{"x":0.00002670158755790908,"y":0.9960594773292542,"z":-0.08869294077157974,"w":0.00029972338234074414},"size":2.978792667388916,"orthographic":false}