{"cameraMode":{"drawMode":0,"name":"Shaded","section":"Shading Mode"},"sceneLighting":true,"audioPlay":false,"sceneViewState":{"m_AlwaysRefresh":false,"showFog":true,"showSkybox":true,"showFlares":true,"showImageEffects":true,"showParticleSystems":true,"showVisualEffectGraphs":true,"m_FxEnabled":true},"in2DMode":false,"pivot":{"x":-0.13327795267105103,"y":3.5717666149139406,"z":-0.8985015153884888},"rotation":{"x":-0.017098044976592065,"y":0.9820574522018433,"z":-0.1517495959997177,"w":-0.1106504499912262},"size":0.8581808805465698,"orthographic":false}