{"cameraMode":{"drawMode":0,"name":"Shaded","section":"Shading Mode"},"sceneLighting":false,"audioPlay":false,"sceneViewState":{"m_AlwaysRefresh":false,"showFog":true,"showSkybox":false,"showFlares":true,"showImageEffects":true,"showParticleSystems":true,"showVisualEffectGraphs":true,"m_FxEnabled":true},"in2DMode":false,"pivot":{"x":0.002545979805290699,"y":5.923519134521484,"z":8.047554016113282},"rotation":{"x":-0.07791533321142197,"y":0.013378344476222992,"z":-0.0010529020801186562,"w":-0.9968925714492798},"size":0.3945724368095398,"orthographic":false}