{"cameraMode":{"drawMode":0,"name":"Shaded","section":"Shading Mode"},"sceneLighting":true,"audioPlay":false,"sceneViewState":{"m_AlwaysRefresh":false,"showFog":true,"showSkybox":true,"showFlares":true,"showImageEffects":true,"showParticleSystems":true,"showVisualEffectGraphs":true,"m_FxEnabled":true},"in2DMode":false,"pivot":{"x":-0.15673613548278809,"y":-9.617847442626954,"z":-3.767064094543457},"rotation":{"x":-0.002699774457141757,"y":0.7999935746192932,"z":-0.5999939441680908,"w":-0.003600122407078743},"size":8.317895889282227,"orthographic":false}