{"cameraMode":{"drawMode":0,"name":"Shaded","section":"Shading Mode"},"sceneLighting":false,"audioPlay":false,"sceneViewState":{"m_AlwaysRefresh":false,"showFog":true,"showSkybox":false,"showFlares":true,"showImageEffects":true,"showParticleSystems":true,"showVisualEffectGraphs":true,"m_FxEnabled":true},"in2DMode":false,"pivot":{"x":-0.08064723014831543,"y":0.02302081510424614,"z":0.07820039242506027},"rotation":{"x":0.3096269369125366,"y":0.6590925455093384,"z":-0.34439006447792055,"w":0.5925700068473816},"size":0.06181260570883751,"orthographic":false}