{"cameraMode":{"drawMode":0,"name":"Shaded","section":"Shading Mode"},"sceneLighting":false,"audioPlay":false,"sceneViewState":{"m_AlwaysRefresh":false,"showFog":true,"showSkybox":false,"showFlares":true,"showImageEffects":true,"showParticleSystems":true,"showVisualEffectGraphs":true,"m_FxEnabled":true},"in2DMode":false,"pivot":{"x":0.0005602240562438965,"y":0.0000013113021850585938,"z":0.00007462501525878906},"rotation":{"x":0.006946763955056667,"y":-0.9918544292449951,"z":0.11146440356969834,"w":0.061655763536691669},"size":0.1956866979598999,"orthographic":false}