{"cameraMode":{"drawMode":0,"name":"Shaded","section":"Shading Mode"},"sceneLighting":false,"audioPlay":false,"sceneViewState":{"m_AlwaysRefresh":false,"showFog":true,"showSkybox":false,"showFlares":true,"showImageEffects":true,"showParticleSystems":true,"showVisualEffectGraphs":true,"m_FxEnabled":true},"in2DMode":false,"pivot":{"x":0.08064060658216477,"y":-0.017071615904569627,"z":0.046638987958431247},"rotation":{"x":0.15304408967494965,"y":0.8115284442901611,"z":-0.24438178539276124,"w":0.5082223415374756},"size":0.09655413776636124,"orthographic":false}