{"cameraMode":{"drawMode":0,"name":"Shaded","section":"Shading Mode"},"sceneLighting":false,"audioPlay":false,"sceneViewState":{"m_AlwaysRefresh":false,"showFog":true,"showSkybox":false,"showFlares":true,"showImageEffects":true,"showParticleSystems":true,"showVisualEffectGraphs":true,"m_FxEnabled":true},"in2DMode":false,"pivot":{"x":0.014098083600401879,"y":3.6758792400360109,"z":-0.4926467537879944},"rotation":{"x":-0.1094353199005127,"y":-0.8858316540718079,"z":0.2664826810359955,"w":-0.363823801279068},"size":0.05198782682418823,"orthographic":false}