{"cameraMode":{"drawMode":0,"name":"Shaded","section":"Shading Mode"},"sceneLighting":true,"audioPlay":false,"sceneViewState":{"m_AlwaysRefresh":false,"showFog":true,"showSkybox":false,"showFlares":true,"showImageEffects":true,"showParticleSystems":true,"showVisualEffectGraphs":true,"m_FxEnabled":true},"in2DMode":false,"pivot":{"x":-0.4310818314552307,"y":3.36094331741333,"z":-0.7073302865028381},"rotation":{"x":0.00017498720262665302,"y":0.9931626915931702,"z":-0.11673298478126526,"w":0.0014897536020725966},"size":0.16038694977760316,"orthographic":false}