{"cameraMode":{"drawMode":0,"name":"Shaded","section":"Shading Mode"},"sceneLighting":true,"audioPlay":false,"sceneViewState":{"m_AlwaysRefresh":false,"showFog":true,"showSkybox":false,"showFlares":true,"showImageEffects":true,"showParticleSystems":true,"showVisualEffectGraphs":true,"m_FxEnabled":true},"in2DMode":false,"pivot":{"x":0.38301604986190798,"y":3.612362861633301,"z":-0.42275699973106387},"rotation":{"x":0.035991836339235309,"y":0.9580257534980774,"z":-0.13891664147377015,"w":0.24819864332675935},"size":0.6016243100166321,"orthographic":false}