{"cameraMode":{"drawMode":0,"name":"Shaded","section":"Shading Mode"},"sceneLighting":true,"audioPlay":false,"sceneViewState":{"m_AlwaysRefresh":false,"showFog":true,"showSkybox":false,"showFlares":true,"showImageEffects":true,"showParticleSystems":true,"showVisualEffectGraphs":true,"m_FxEnabled":true},"in2DMode":false,"pivot":{"x":-0.39438924193382265,"y":2.255465507507324,"z":-1.475907802581787},"rotation":{"x":0.010068965144455433,"y":0.9594627618789673,"z":-0.2795368432998657,"w":0.034554749727249148},"size":0.9990280270576477,"orthographic":false}