{"cameraMode":{"drawMode":0,"name":"Shaded","section":"Shading Mode"},"sceneLighting":true,"audioPlay":false,"sceneViewState":{"m_AlwaysRefresh":false,"showFog":true,"showSkybox":false,"showFlares":true,"showImageEffects":true,"showParticleSystems":true,"showVisualEffectGraphs":true,"m_FxEnabled":true},"in2DMode":false,"pivot":{"x":-0.049386605620384219,"y":1.972731351852417,"z":-0.48738884925842287},"rotation":{"x":0.0007109896396286786,"y":0.9968074560165405,"z":0.008971919305622578,"w":-0.07941411435604096},"size":0.33222338557243349,"orthographic":false}