{"cameraMode":{"drawMode":0,"name":"Shaded","section":"Shading Mode"},"sceneLighting":true,"audioPlay":false,"sceneViewState":{"m_AlwaysRefresh":false,"showFog":true,"showSkybox":false,"showFlares":true,"showImageEffects":true,"showParticleSystems":true,"showVisualEffectGraphs":true,"m_FxEnabled":true},"in2DMode":false,"pivot":{"x":0.10354312509298325,"y":2.120027542114258,"z":-0.43535465002059939},"rotation":{"x":0.1556696742773056,"y":-0.7309103608131409,"z":0.17770445346832276,"w":0.6402803659439087},"size":0.1565195471048355,"orthographic":false}