{"cameraMode":{"drawMode":0,"name":"Shaded","section":"Shading Mode"},"sceneLighting":true,"audioPlay":false,"sceneViewState":{"m_AlwaysRefresh":false,"showFog":true,"showSkybox":false,"showFlares":true,"showImageEffects":true,"showParticleSystems":true,"showVisualEffectGraphs":true,"m_FxEnabled":true},"in2DMode":false,"pivot":{"x":-0.5351778864860535,"y":2.053656578063965,"z":-0.8509982228279114},"rotation":{"x":0.15256550908088685,"y":0.8047015070915222,"z":-0.23444801568984986,"w":0.523654580116272},"size":0.39641284942626955,"orthographic":false}