{"cameraMode":{"drawMode":0,"name":"Shaded","section":"Shading Mode"},"sceneLighting":true,"audioPlay":false,"sceneViewState":{"m_AlwaysRefresh":false,"showFog":true,"showSkybox":false,"showFlares":true,"showImageEffects":true,"showParticleSystems":true,"showVisualEffectGraphs":true,"m_FxEnabled":true},"in2DMode":false,"pivot":{"x":-0.18445633351802827,"y":3.9818785190582277,"z":-0.8205908536911011},"rotation":{"x":0.00041055199108086526,"y":-0.9995543360710144,"z":0.01649409532546997,"w":0.024892259389162065},"size":0.5356602072715759,"orthographic":false}