{"cameraMode":{"drawMode":0,"name":"Shaded","section":"Shading Mode"},"sceneLighting":true,"audioPlay":false,"sceneViewState":{"m_AlwaysRefresh":false,"showFog":true,"showSkybox":false,"showFlares":true,"showImageEffects":true,"showParticleSystems":true,"showVisualEffectGraphs":true,"m_FxEnabled":true},"in2DMode":false,"pivot":{"x":0.2571483552455902,"y":3.4241795539855959,"z":-2.666497230529785},"rotation":{"x":0.0020778554026037456,"y":0.9978963732719421,"z":-0.04943592846393585,"w":0.04193606600165367},"size":1.1640753746032715,"orthographic":false}