{"cameraMode":{"drawMode":0,"name":"Shaded","section":"Shading Mode"},"sceneLighting":true,"audioPlay":false,"sceneViewState":{"m_AlwaysRefresh":false,"showFog":true,"showSkybox":false,"showFlares":true,"showImageEffects":true,"showParticleSystems":true,"showVisualEffectGraphs":true,"m_FxEnabled":true},"in2DMode":false,"pivot":{"x":-0.03199627250432968,"y":3.627415657043457,"z":-0.5438995361328125},"rotation":{"x":-0.0018780174432322384,"y":-0.9940771460533142,"z":0.017610859125852586,"w":-0.10748369991779328},"size":1.7887145280838013,"orthographic":false}