{"cameraMode":{"drawMode":0,"name":"Shaded","section":"Shading Mode"},"sceneLighting":true,"audioPlay":false,"sceneViewState":{"m_AlwaysRefresh":false,"showFog":true,"showSkybox":false,"showFlares":true,"showImageEffects":true,"showParticleSystems":true,"showVisualEffectGraphs":true,"m_FxEnabled":true},"in2DMode":false,"pivot":{"x":-0.3237704038619995,"y":2.463399887084961,"z":-0.6445745825767517},"rotation":{"x":0.0984589233994484,"y":0.8884544968605042,"z":-0.22591282427310944,"w":0.38720667362213137},"size":0.5480622053146362,"orthographic":false}