{"cameraMode":{"drawMode":0,"name":"Shaded","section":"Shading Mode"},"sceneLighting":true,"audioPlay":false,"sceneViewState":{"m_AlwaysRefresh":false,"showFog":true,"showSkybox":false,"showFlares":true,"showImageEffects":true,"showParticleSystems":true,"showVisualEffectGraphs":true,"m_FxEnabled":true},"in2DMode":false,"pivot":{"x":0.13498325645923615,"y":2.7728631496429445,"z":-0.6045560836791992},"rotation":{"x":0.17914529144763947,"y":0.8089491724967957,"z":-0.3114369511604309,"w":0.4653242826461792},"size":0.5249148011207581,"orthographic":false}