{"cameraMode":{"drawMode":0,"name":"Shaded","section":"Shading Mode"},"sceneLighting":false,"audioPlay":false,"sceneViewState":{"m_AlwaysRefresh":false,"showFog":true,"showSkybox":false,"showFlares":true,"showImageEffects":true,"showParticleSystems":true,"showVisualEffectGraphs":true,"m_FxEnabled":true},"in2DMode":false,"pivot":{"x":0.02124153822660446,"y":-0.0330592542886734,"z":12.561768531799317},"rotation":{"x":0.3944888412952423,"y":0.5885468125343323,"z":-0.39877018332481387,"w":0.5822268724441528},"size":0.27788153290748598,"orthographic":false}