{"cameraMode":{"drawMode":0,"name":"Shaded","section":"Shading Mode"},"sceneLighting":true,"audioPlay":false,"sceneViewState":{"m_AlwaysRefresh":false,"showFog":true,"showSkybox":true,"showFlares":true,"showImageEffects":true,"showParticleSystems":true,"showVisualEffectGraphs":true,"m_FxEnabled":true},"in2DMode":false,"pivot":{"x":67.51193237304688,"y":132.31546020507813,"z":184.40814208984376},"rotation":{"x":0.014664488844573498,"y":0.9758275151252747,"z":-0.20677624642848969,"w":0.06920523941516876},"size":19.113319396972658,"orthographic":true}