{"cameraMode":{"drawMode":0,"name":"Shaded","section":"Shading Mode"},"sceneLighting":true,"audioPlay":false,"sceneViewState":{"m_AlwaysRefresh":false,"showFog":true,"showSkybox":false,"showFlares":true,"showImageEffects":true,"showParticleSystems":true,"showVisualEffectGraphs":true,"m_FxEnabled":true},"in2DMode":false,"pivot":{"x":17.054523468017579,"y":21.334915161132814,"z":43.64425277709961},"rotation":{"x":-0.006351472344249487,"y":0.9935138821601868,"z":0.07165724784135819,"w":0.088157057762146},"size":170.3702850341797,"orthographic":false}