{"cameraMode":{"drawMode":0,"name":"Shaded","section":"Shading Mode"},"sceneLighting":false,"audioPlay":false,"sceneViewState":{"m_AlwaysRefresh":false,"showFog":true,"showSkybox":true,"showFlares":true,"showImageEffects":true,"showParticleSystems":true,"showVisualEffectGraphs":true,"m_FxEnabled":true},"in2DMode":false,"pivot":{"x":1.0642969608306885,"y":2.7473437786102297,"z":-1.4235963821411133},"rotation":{"x":0.061322640627622607,"y":0.9311225414276123,"z":-0.3080475926399231,"w":0.18535742163658143},"size":1.2031267881393433,"orthographic":false}