{"cameraMode":{"drawMode":0,"name":"Shaded","section":"Shading Mode"},"sceneLighting":true,"audioPlay":false,"sceneViewState":{"m_AlwaysRefresh":false,"showFog":true,"showSkybox":true,"showFlares":true,"showImageEffects":true,"showParticleSystems":true,"showVisualEffectGraphs":true,"m_FxEnabled":true},"in2DMode":false,"pivot":{"x":0.1228562593460083,"y":3.7134592533111574,"z":-2.2822742462158205},"rotation":{"x":-0.012596079148352147,"y":0.9865137934684753,"z":-0.13491198420524598,"w":-0.09230145812034607},"size":0.9192602038383484,"orthographic":false}