{"cameraMode":{"drawMode":0,"name":"Shaded","section":"Shading Mode"},"sceneLighting":true,"audioPlay":false,"sceneViewState":{"m_AlwaysRefresh":false,"showFog":true,"showSkybox":true,"showFlares":true,"showImageEffects":true,"showParticleSystems":true,"showVisualEffectGraphs":true,"m_FxEnabled":true},"in2DMode":false,"pivot":{"x":-2.3442459106445314,"y":1.9436675310134888,"z":1.5168709754943848},"rotation":{"x":0.012775624170899392,"y":0.715839684009552,"z":-0.013101177290081978,"w":0.6980266571044922},"size":1.1338108777999879,"orthographic":false}