{"cameraMode":{"drawMode":0,"name":"Shaded","section":"Shading Mode"},"sceneLighting":false,"audioPlay":false,"sceneViewState":{"m_AlwaysRefresh":false,"showFog":true,"showSkybox":true,"showFlares":true,"showImageEffects":true,"showParticleSystems":true,"showVisualEffectGraphs":true,"m_FxEnabled":true},"in2DMode":false,"pivot":{"x":1.2864010334014893,"y":2.134748697280884,"z":-0.7554643750190735},"rotation":{"x":-0.07530369609594345,"y":-0.8086283206939697,"z":0.10612934082746506,"w":-0.5737577676773071},"size":0.21541166305541993,"orthographic":false}