{"cameraMode":{"drawMode":0,"name":"Shaded","section":"Shading Mode"},"sceneLighting":false,"audioPlay":false,"sceneViewState":{"m_AlwaysRefresh":false,"showFog":true,"showSkybox":true,"showFlares":true,"showImageEffects":true,"showParticleSystems":true,"showVisualEffectGraphs":true,"m_FxEnabled":true},"in2DMode":false,"pivot":{"x":1.4436216354370118,"y":3.0796687602996828,"z":-1.5962990522384644},"rotation":{"x":0.1046939492225647,"y":0.8937665820121765,"z":-0.33488667011260989,"w":0.27941545844078066},"size":1.9661719799041749,"orthographic":false}