{"cameraMode":{"drawMode":0,"name":"Shaded","section":"Shading Mode"},"sceneLighting":false,"audioPlay":false,"sceneViewState":{"m_AlwaysRefresh":false,"showFog":true,"showSkybox":true,"showFlares":true,"showImageEffects":true,"showParticleSystems":true,"showVisualEffectGraphs":true,"m_FxEnabled":true},"in2DMode":false,"pivot":{"x":0.010701118037104607,"y":3.439478635787964,"z":-0.6769809722900391},"rotation":{"x":0.023391133174300195,"y":-0.9589766263961792,"z":0.27005645632743838,"w":0.0830593854188919},"size":0.45804837346076968,"orthographic":false}