{"cameraMode":{"drawMode":0,"name":"Shaded","section":"Shading Mode"},"sceneLighting":false,"audioPlay":false,"sceneViewState":{"m_AlwaysRefresh":false,"showFog":true,"showSkybox":true,"showFlares":true,"showImageEffects":true,"showParticleSystems":true,"showVisualEffectGraphs":true,"m_FxEnabled":true},"in2DMode":false,"pivot":{"x":1.1737533807754517,"y":3.2827582359313967,"z":13.229145050048829},"rotation":{"x":-0.0001510112197138369,"y":-0.9990430474281311,"z":0.04530255123972893,"w":0.004766165744513273},"size":2.490701198577881,"orthographic":false}