{"cameraMode":{"drawMode":0,"name":"Shaded","section":"Shading Mode"},"sceneLighting":false,"audioPlay":false,"sceneViewState":{"m_AlwaysRefresh":false,"showFog":true,"showSkybox":true,"showFlares":true,"showImageEffects":true,"showParticleSystems":true,"showVisualEffectGraphs":true,"m_FxEnabled":true},"in2DMode":false,"pivot":{"x":0.8679615259170532,"y":2.5522520542144777,"z":0.5089288949966431},"rotation":{"x":0.24339747428894044,"y":0.7165619134902954,"z":-0.3003399968147278,"w":0.580646276473999},"size":0.8504754304885864,"orthographic":false}