{"cameraMode":{"drawMode":0,"name":"Shaded","section":"Shading Mode"},"sceneLighting":false,"audioPlay":false,"sceneViewState":{"m_AlwaysRefresh":false,"showFog":true,"showSkybox":true,"showFlares":true,"showImageEffects":true,"showParticleSystems":true,"showVisualEffectGraphs":true,"m_FxEnabled":true},"in2DMode":false,"pivot":{"x":0.39579978585243227,"y":3.493650436401367,"z":-0.45808467268943789},"rotation":{"x":-0.00224838568829,"y":-0.9955169558525086,"z":0.09134526550769806,"w":-0.024496454745531083},"size":1.6188764572143555,"orthographic":false}