{"cameraMode":{"drawMode":0,"name":"Shaded","section":"Shading Mode"},"sceneLighting":false,"audioPlay":false,"sceneViewState":{"m_AlwaysRefresh":false,"showFog":true,"showSkybox":true,"showFlares":true,"showImageEffects":true,"showParticleSystems":true,"showVisualEffectGraphs":true,"m_FxEnabled":true},"in2DMode":false,"pivot":{"x":1.2082010507583619,"y":3.9530751705169679,"z":7.221053123474121},"rotation":{"x":-0.011263755150139332,"y":0.5511449575424194,"z":-0.007440914865583181,"w":-0.8343003988265991},"size":1.2607320547103882,"orthographic":false}