{"cameraMode":{"drawMode":0,"name":"Shaded","section":"Shading Mode"},"sceneLighting":false,"audioPlay":false,"sceneViewState":{"m_AlwaysRefresh":false,"showFog":true,"showSkybox":true,"showFlares":true,"showImageEffects":true,"showParticleSystems":true,"showVisualEffectGraphs":true,"m_FxEnabled":true},"in2DMode":false,"pivot":{"x":0.8014539480209351,"y":1.7519837617874146,"z":-0.5817768573760986},"rotation":{"x":-0.14760126173496247,"y":-0.8517334461212158,"z":0.3367422819137573,"w":-0.3733368515968323},"size":1.2122764587402344,"orthographic":false}