{"cameraMode":{"drawMode":0,"name":"Shaded","section":"Shading Mode"},"sceneLighting":false,"audioPlay":false,"sceneViewState":{"m_AlwaysRefresh":false,"showFog":true,"showSkybox":true,"showFlares":true,"showImageEffects":true,"showParticleSystems":true,"showVisualEffectGraphs":true,"m_FxEnabled":true},"in2DMode":false,"pivot":{"x":-0.24082547426223756,"y":2.8914239406585695,"z":-0.7585143446922302},"rotation":{"x":0.06992476433515549,"y":0.929939329624176,"z":-0.24688614904880525,"w":0.2633857727050781},"size":0.24463964998722077,"orthographic":false}