{"cameraMode":{"drawMode":0,"name":"Shaded","section":"Shading Mode"},"sceneLighting":false,"audioPlay":false,"sceneViewState":{"m_AlwaysRefresh":false,"showFog":true,"showSkybox":true,"showFlares":true,"showImageEffects":true,"showParticleSystems":true,"showVisualEffectGraphs":true,"m_FxEnabled":true},"in2DMode":false,"pivot":{"x":0.8574152588844299,"y":2.2612383365631105,"z":-0.5613324642181397},"rotation":{"x":-0.08075060695409775,"y":-0.8203666806221008,"z":0.11972091346979141,"w":-0.5533490180969238},"size":0.0771745815873146,"orthographic":false}