{"cameraMode":{"drawMode":0,"name":"Shaded","section":"Shading Mode"},"sceneLighting":false,"audioPlay":false,"sceneViewState":{"m_AlwaysRefresh":false,"showFog":true,"showSkybox":true,"showFlares":true,"showImageEffects":true,"showParticleSystems":true,"showVisualEffectGraphs":true,"m_FxEnabled":true},"in2DMode":false,"pivot":{"x":0.7663719058036804,"y":2.8573050498962404,"z":-1.1672784090042115},"rotation":{"x":0.013516009785234928,"y":0.984531044960022,"z":-0.15091297030448914,"w":0.08822660148143769},"size":0.5031906962394714,"orthographic":false}