{"cameraMode":{"drawMode":0,"name":"Shaded","section":"Shading Mode"},"sceneLighting":false,"audioPlay":false,"sceneViewState":{"m_AlwaysRefresh":false,"showFog":true,"showSkybox":true,"showFlares":true,"showImageEffects":true,"showParticleSystems":true,"showVisualEffectGraphs":true,"m_FxEnabled":true},"in2DMode":false,"pivot":{"x":0.4813300371170044,"y":6.740677356719971,"z":-0.13503582775592805},"rotation":{"x":-0.13102926313877107,"y":0.809201717376709,"z":0.19727371633052827,"w":0.5377407670021057},"size":0.3610726594924927,"orthographic":false}