{"cameraMode":{"drawMode":0,"name":"Shaded","section":"Shading Mode"},"sceneLighting":false,"audioPlay":false,"sceneViewState":{"m_AlwaysRefresh":false,"showFog":true,"showSkybox":true,"showFlares":true,"showImageEffects":true,"showParticleSystems":true,"showVisualEffectGraphs":true,"m_FxEnabled":true},"in2DMode":false,"pivot":{"x":0.1646236628293991,"y":2.096895217895508,"z":0.1967749297618866},"rotation":{"x":0.006765186786651611,"y":-0.9897474050521851,"z":0.13384129106998444,"w":0.05020793527364731},"size":0.05235105752944946,"orthographic":false}