{"cameraMode":{"drawMode":0,"name":"Shaded","section":"Shading Mode"},"sceneLighting":false,"audioPlay":false,"sceneViewState":{"m_AlwaysRefresh":false,"showFog":true,"showSkybox":true,"showFlares":true,"showImageEffects":true,"showParticleSystems":true,"showVisualEffectGraphs":true,"m_FxEnabled":true},"in2DMode":false,"pivot":{"x":1.2316230535507203,"y":2.074716567993164,"z":-0.7521445751190186},"rotation":{"x":-0.058341898024082187,"y":-0.9007281064987183,"z":0.1278509795665741,"w":-0.41102564334869387},"size":0.2985576093196869,"orthographic":false}