{"cameraMode":{"drawMode":0,"name":"Shaded","section":"Shading Mode"},"sceneLighting":false,"audioPlay":false,"sceneViewState":{"m_AlwaysRefresh":false,"showFog":true,"showSkybox":true,"showFlares":true,"showImageEffects":true,"showParticleSystems":true,"showVisualEffectGraphs":true,"m_FxEnabled":true},"in2DMode":false,"pivot":{"x":0.281455397605896,"y":3.3757810592651369,"z":-0.8145482540130615},"rotation":{"x":0.11169943958520889,"y":0.7649714946746826,"z":-0.13801641762256623,"w":0.6191068887710571},"size":0.4639045000076294,"orthographic":false}