{"cameraMode":{"drawMode":0,"name":"Shaded","section":"Shading Mode"},"sceneLighting":false,"audioPlay":false,"sceneViewState":{"m_AlwaysRefresh":false,"showFog":true,"showSkybox":true,"showFlares":true,"showImageEffects":true,"showParticleSystems":true,"showVisualEffectGraphs":true,"m_FxEnabled":true},"in2DMode":false,"pivot":{"x":-56.15181350708008,"y":1.5836479663848878,"z":-18.785869598388673},"rotation":{"x":0.007992057129740715,"y":-0.7476120591163635,"z":0.008966567926108837,"w":0.664064884185791},"size":23.585338592529298,"orthographic":false}