{"cameraMode":{"drawMode":0,"name":"Shaded","section":"Shading Mode"},"sceneLighting":true,"audioPlay":false,"sceneViewState":{"m_AlwaysRefresh":false,"showFog":true,"showSkybox":true,"showFlares":true,"showImageEffects":true,"showParticleSystems":true,"showVisualEffectGraphs":true,"m_FxEnabled":true},"in2DMode":false,"pivot":{"x":1.3596644401550294,"y":1.453476905822754,"z":-0.7548543214797974},"rotation":{"x":0.00789858028292656,"y":-0.7713386416435242,"z":-0.008640744723379612,"w":-0.6365917325019836},"size":0.1854579895734787,"orthographic":false}