{"cameraMode":{"drawMode":0,"name":"Shaded","section":"Shading Mode"},"sceneLighting":false,"audioPlay":false,"sceneViewState":{"m_AlwaysRefresh":false,"showFog":true,"showSkybox":true,"showFlares":true,"showImageEffects":true,"showParticleSystems":true,"showVisualEffectGraphs":true,"m_FxEnabled":true},"in2DMode":false,"pivot":{"x":0.3885107636451721,"y":3.5973703861236574,"z":-0.9552528858184815},"rotation":{"x":-0.028845397755503656,"y":-0.9655890464782715,"z":0.12231256812810898,"w":-0.22771944105625153},"size":1.2468079328536988,"orthographic":false}