{"cameraMode":{"drawMode":0,"name":"Shaded","section":"Shading Mode"},"sceneLighting":false,"audioPlay":false,"sceneViewState":{"m_AlwaysRefresh":false,"showFog":true,"showSkybox":true,"showFlares":true,"showImageEffects":true,"showParticleSystems":true,"showVisualEffectGraphs":true,"m_FxEnabled":true},"in2DMode":false,"pivot":{"x":-0.24297794699668885,"y":2.079663038253784,"z":-0.8635900616645813},"rotation":{"x":0.15192417800426484,"y":0.8479139804840088,"z":-0.35002708435058596,"w":0.3680264353752136},"size":0.06471070647239685,"orthographic":false}