{"cameraMode":{"drawMode":0,"name":"Shaded","section":"Shading Mode"},"sceneLighting":false,"audioPlay":false,"sceneViewState":{"m_AlwaysRefresh":false,"showFog":true,"showSkybox":true,"showFlares":true,"showImageEffects":true,"showParticleSystems":true,"showVisualEffectGraphs":true,"m_FxEnabled":true},"in2DMode":false,"pivot":{"x":0.25109145045280459,"y":3.4970202445983888,"z":-0.2363986074924469},"rotation":{"x":-0.00009671189764048904,"y":0.9979192614555359,"z":0.0014968803152441979,"w":0.06445538997650147},"size":0.12093901634216309,"orthographic":false}