{"cameraMode":{"drawMode":0,"name":"Shaded","section":"Shading Mode"},"sceneLighting":false,"audioPlay":false,"sceneViewState":{"m_AlwaysRefresh":false,"showFog":true,"showSkybox":true,"showFlares":true,"showImageEffects":true,"showParticleSystems":true,"showVisualEffectGraphs":true,"m_FxEnabled":true},"in2DMode":false,"pivot":{"x":0.4061177372932434,"y":3.554523468017578,"z":-0.6055496335029602},"rotation":{"x":-0.0007954502361826599,"y":0.9960460662841797,"z":-0.08838095515966416,"w":-0.00896465964615345},"size":0.531299889087677,"orthographic":false}