{"cameraMode":{"drawMode":0,"name":"Shaded","section":"Shading Mode"},"sceneLighting":false,"audioPlay":false,"sceneViewState":{"m_AlwaysRefresh":false,"showFog":true,"showSkybox":true,"showFlares":true,"showImageEffects":true,"showParticleSystems":true,"showVisualEffectGraphs":true,"m_FxEnabled":true},"in2DMode":false,"pivot":{"x":0.670556902885437,"y":2.773831367492676,"z":-1.6081959009170533},"rotation":{"x":0.061322640627622607,"y":0.9311225414276123,"z":-0.3080475926399231,"w":0.18535742163658143},"size":0.7736942768096924,"orthographic":false}