{"cameraMode":{"drawMode":0,"name":"Shaded","section":"Shading Mode"},"sceneLighting":false,"audioPlay":false,"sceneViewState":{"m_AlwaysRefresh":false,"showFog":true,"showSkybox":true,"showFlares":true,"showImageEffects":true,"showParticleSystems":true,"showVisualEffectGraphs":true,"m_FxEnabled":true},"in2DMode":false,"pivot":{"x":-0.38524454832077029,"y":2.0111541748046877,"z":-1.1162655353546143},"rotation":{"x":-0.03043060377240181,"y":0.9564763307571411,"z":-0.1080598309636116,"w":-0.2693520784378052},"size":0.20923469960689546,"orthographic":false}