{"cameraMode":{"drawMode":0,"name":"Shaded","section":"Shading Mode"},"sceneLighting":false,"audioPlay":false,"sceneViewState":{"m_AlwaysRefresh":false,"showFog":true,"showSkybox":true,"showFlares":true,"showImageEffects":true,"showParticleSystems":true,"showVisualEffectGraphs":true,"m_FxEnabled":true},"in2DMode":false,"pivot":{"x":0.3132527470588684,"y":4.633510589599609,"z":0.15374755859375},"rotation":{"x":0.005957238841801882,"y":-0.7289984822273254,"z":-0.6844624280929565,"w":-0.006342964246869087},"size":0.4118673801422119,"orthographic":false}