{"cameraMode":{"drawMode":0,"name":"Shaded","section":"Shading Mode"},"sceneLighting":false,"audioPlay":false,"sceneViewState":{"m_AlwaysRefresh":false,"showFog":true,"showSkybox":true,"showFlares":true,"showImageEffects":true,"showParticleSystems":true,"showVisualEffectGraphs":true,"m_FxEnabled":true},"in2DMode":false,"pivot":{"x":0.9494469165802002,"y":5.130251407623291,"z":8.327683448791504},"rotation":{"x":-0.040317464619874957,"y":0.9540180563926697,"z":-0.15004584193229676,"w":-0.2563450336456299},"size":2.3187153339385988,"orthographic":false}