{"cameraMode":{"drawMode":0,"name":"Shaded","section":"Shading Mode"},"sceneLighting":false,"audioPlay":false,"sceneViewState":{"m_AlwaysRefresh":false,"showFog":true,"showSkybox":true,"showFlares":true,"showImageEffects":true,"showParticleSystems":true,"showVisualEffectGraphs":true,"m_FxEnabled":true},"in2DMode":false,"pivot":{"x":1.1308703422546387,"y":2.158385753631592,"z":-0.7196760773658752},"rotation":{"x":-0.028111586347222329,"y":-0.9669382572174072,"z":0.12248332053422928,"w":-0.2219218611717224},"size":0.30396419763565066,"orthographic":false}