{"cameraMode":{"drawMode":0,"name":"Shaded","section":"Shading Mode"},"sceneLighting":false,"audioPlay":false,"sceneViewState":{"m_AlwaysRefresh":false,"showFog":true,"showSkybox":true,"showFlares":true,"showImageEffects":true,"showParticleSystems":true,"showVisualEffectGraphs":true,"m_FxEnabled":true},"in2DMode":false,"pivot":{"x":2.2701337337493898,"y":6.223830223083496,"z":-32.391422271728519},"rotation":{"x":-0.00681451428681612,"y":0.9927355051040649,"z":-0.06860761344432831,"w":-0.09860315173864365},"size":1.0829336643218995,"orthographic":false}