{"cameraMode":{"drawMode":0,"name":"Shaded","section":"Shading Mode"},"sceneLighting":false,"audioPlay":false,"sceneViewState":{"m_AlwaysRefresh":false,"showFog":true,"showSkybox":true,"showFlares":true,"showImageEffects":true,"showParticleSystems":true,"showVisualEffectGraphs":true,"m_FxEnabled":true},"in2DMode":false,"pivot":{"x":0.13437072932720185,"y":3.03450870513916,"z":-0.9354748129844666},"rotation":{"x":-0.016608433797955514,"y":-0.9822016358375549,"z":0.15447895228862763,"w":-0.10560079663991928},"size":0.411859393119812,"orthographic":false}