{"cameraMode":{"drawMode":0,"name":"Shaded","section":"Shading Mode"},"sceneLighting":false,"audioPlay":false,"sceneViewState":{"m_AlwaysRefresh":false,"showFog":true,"showSkybox":true,"showFlares":true,"showImageEffects":true,"showParticleSystems":true,"showVisualEffectGraphs":true,"m_FxEnabled":true},"in2DMode":false,"pivot":{"x":-0.019999980926513673,"y":2.7710001468658449,"z":-0.6050000190734863},"rotation":{"x":0.08273836225271225,"y":-0.9151245951652527,"z":0.2444230318069458,"w":0.3097744286060333},"size":3.8971481323242189,"orthographic":false}