{"cameraMode":{"drawMode":0,"name":"Shaded","section":"Shading Mode"},"sceneLighting":false,"audioPlay":false,"sceneViewState":{"m_AlwaysRefresh":false,"showFog":true,"showSkybox":true,"showFlares":true,"showImageEffects":true,"showParticleSystems":true,"showVisualEffectGraphs":true,"m_FxEnabled":true},"in2DMode":false,"pivot":{"x":0.21335098147392274,"y":2.935870409011841,"z":12.200925827026368},"rotation":{"x":0.0007178158266469836,"y":0.9990876913070679,"z":-0.01709817722439766,"w":0.040821947157382968},"size":0.8660253882408142,"orthographic":false}