{"cameraMode":{"drawMode":0,"name":"Shaded","section":"Shading Mode"},"sceneLighting":false,"audioPlay":false,"sceneViewState":{"m_AlwaysRefresh":false,"showFog":true,"showSkybox":true,"showFlares":true,"showImageEffects":true,"showParticleSystems":true,"showVisualEffectGraphs":true,"m_FxEnabled":true},"in2DMode":false,"pivot":{"x":0.5061153173446655,"y":3.5070242881774904,"z":-1.2053605318069459},"rotation":{"x":0.0287407785654068,"y":0.9662134647369385,"z":-0.12386414408683777,"w":0.22419510781764985},"size":0.5474921464920044,"orthographic":false}