{"cameraMode":{"drawMode":0,"name":"Shaded","section":"Shading Mode"},"sceneLighting":false,"audioPlay":false,"sceneViewState":{"m_AlwaysRefresh":false,"showFog":true,"showSkybox":true,"showFlares":true,"showImageEffects":true,"showParticleSystems":true,"showVisualEffectGraphs":true,"m_FxEnabled":true},"in2DMode":false,"pivot":{"x":0.18401333689689637,"y":3.509575366973877,"z":-0.03576453775167465},"rotation":{"x":0.023578932508826257,"y":0.9710707068443298,"z":-0.10823366045951843,"w":0.21154910326004029},"size":0.21555984020233155,"orthographic":false}