{"cameraMode":{"drawMode":0,"name":"Shaded","section":"Shading Mode"},"sceneLighting":false,"audioPlay":false,"sceneViewState":{"m_AlwaysRefresh":false,"showFog":true,"showSkybox":true,"showFlares":true,"showImageEffects":true,"showParticleSystems":true,"showVisualEffectGraphs":true,"m_FxEnabled":true},"in2DMode":false,"pivot":{"x":0.044228386133909228,"y":3.311858654022217,"z":-0.6670892834663391},"rotation":{"x":-0.0008538195979781449,"y":-0.9990050792694092,"z":-0.03898061439394951,"w":0.0218789242208004},"size":0.0864214152097702,"orthographic":false}