{"cameraMode":{"drawMode":0,"name":"Shaded","section":"Shading Mode"},"sceneLighting":false,"audioPlay":false,"sceneViewState":{"m_AlwaysRefresh":false,"showFog":true,"showSkybox":true,"showFlares":true,"showImageEffects":true,"showParticleSystems":true,"showVisualEffectGraphs":true,"m_FxEnabled":true},"in2DMode":false,"pivot":{"x":0.1446170210838318,"y":1.4163081645965577,"z":12.357645034790039},"rotation":{"x":-0.01467146910727024,"y":0.9636921286582947,"z":-0.05411782115697861,"w":-0.26114311814308169},"size":3.603687047958374,"orthographic":false}