{"cameraMode":{"drawMode":0,"name":"Shaded","section":"Shading Mode"},"sceneLighting":false,"audioPlay":false,"sceneViewState":{"m_AlwaysRefresh":false,"showFog":true,"showSkybox":true,"showFlares":true,"showImageEffects":true,"showParticleSystems":true,"showVisualEffectGraphs":true,"m_FxEnabled":true},"in2DMode":false,"pivot":{"x":-0.17118696868419648,"y":1.9100772142410279,"z":-0.7142139673233032},"rotation":{"x":-0.00486829224973917,"y":-0.9943482875823975,"z":0.05166100710630417,"w":-0.09306039661169052},"size":0.25433647632598879,"orthographic":false}