{"cameraMode":{"drawMode":0,"name":"Shaded","section":"Shading Mode"},"sceneLighting":false,"audioPlay":false,"sceneViewState":{"m_AlwaysRefresh":false,"showFog":true,"showSkybox":true,"showFlares":true,"showImageEffects":true,"showParticleSystems":true,"showVisualEffectGraphs":true,"m_FxEnabled":true},"in2DMode":false,"pivot":{"x":-1.0435360670089722,"y":2.5152201652526857,"z":-0.3173530697822571},"rotation":{"x":0.014268851839005947,"y":0.9506944417953491,"z":-0.3066312074661255,"w":0.04423852264881134},"size":0.5779736638069153,"orthographic":false}