{"cameraMode":{"drawMode":0,"name":"Shaded","section":"Shading Mode"},"sceneLighting":false,"audioPlay":false,"sceneViewState":{"m_AlwaysRefresh":false,"showFog":true,"showSkybox":true,"showFlares":true,"showImageEffects":true,"showParticleSystems":true,"showVisualEffectGraphs":true,"m_FxEnabled":true},"in2DMode":false,"pivot":{"x":0.9320809245109558,"y":2.140028953552246,"z":-0.5460042357444763},"rotation":{"x":0.26262232661247256,"y":0.5747196078300476,"z":-0.20168523490428925,"w":0.7483695149421692},"size":0.06593909859657288,"orthographic":false}