{"cameraMode":{"drawMode":0,"name":"Shaded","section":"Shading Mode"},"sceneLighting":false,"audioPlay":false,"sceneViewState":{"m_AlwaysRefresh":false,"showFog":true,"showSkybox":true,"showFlares":true,"showImageEffects":true,"showParticleSystems":true,"showVisualEffectGraphs":true,"m_FxEnabled":true},"in2DMode":false,"pivot":{"x":-5.256928443908691,"y":4.644176959991455,"z":-4.647695541381836},"rotation":{"x":-0.0018168220994994045,"y":0.9908148646354675,"z":-0.013376952148973942,"w":-0.13456951081752778},"size":17.413848876953126,"orthographic":false}