{"cameraMode":{"drawMode":0,"name":"Shaded","section":"Shading Mode"},"sceneLighting":false,"audioPlay":false,"sceneViewState":{"m_AlwaysRefresh":false,"showFog":true,"showSkybox":true,"showFlares":true,"showImageEffects":true,"showParticleSystems":true,"showVisualEffectGraphs":true,"m_FxEnabled":true},"in2DMode":false,"pivot":{"x":0.24640525877475739,"y":3.455650568008423,"z":-0.4008227586746216},"rotation":{"x":0.0015407608589157463,"y":-0.9583742022514343,"z":0.28546959161758425,"w":0.0051736654713749889},"size":0.1722041666507721,"orthographic":false}