{"cameraMode":{"drawMode":0,"name":"Shaded","section":"Shading Mode"},"sceneLighting":false,"audioPlay":false,"sceneViewState":{"m_AlwaysRefresh":false,"showFog":true,"showSkybox":true,"showFlares":true,"showImageEffects":true,"showParticleSystems":true,"showVisualEffectGraphs":true,"m_FxEnabled":true},"in2DMode":false,"pivot":{"x":0.5417500734329224,"y":0.05888867378234863,"z":-4.148059368133545},"rotation":{"x":-0.007071994710713625,"y":0.9413744807243347,"z":-0.33671054244041445,"w":-0.019771749153733255},"size":2.7043418884277345,"orthographic":false}