{"cameraMode":{"drawMode":0,"name":"Shaded","section":"Shading Mode"},"sceneLighting":false,"audioPlay":false,"sceneViewState":{"m_AlwaysRefresh":false,"showFog":true,"showSkybox":true,"showFlares":true,"showImageEffects":true,"showParticleSystems":true,"showVisualEffectGraphs":true,"m_FxEnabled":true},"in2DMode":false,"pivot":{"x":-1.1590242385864258,"y":2.677001714706421,"z":-11.468805313110352},"rotation":{"x":0.006946763955056667,"y":-0.9918544292449951,"z":0.11146440356969834,"w":0.061655763536691669},"size":5.9903998374938969,"orthographic":false}