{"cameraMode":{"drawMode":0,"name":"Shaded","section":"Shading Mode"},"sceneLighting":false,"audioPlay":false,"sceneViewState":{"m_AlwaysRefresh":false,"showFog":true,"showSkybox":true,"showFlares":true,"showImageEffects":true,"showParticleSystems":true,"showVisualEffectGraphs":true,"m_FxEnabled":true},"in2DMode":false,"pivot":{"x":0.6682807207107544,"y":3.569481372833252,"z":-1.3288652896881104},"rotation":{"x":-0.03351984918117523,"y":-0.9654542803764343,"z":0.15867741405963899,"w":-0.20396684110164643},"size":0.7141193747520447,"orthographic":false}