{"cameraMode":{"drawMode":0,"name":"Shaded","section":"Shading Mode"},"sceneLighting":false,"audioPlay":false,"sceneViewState":{"m_AlwaysRefresh":false,"showFog":true,"showSkybox":true,"showFlares":true,"showImageEffects":true,"showParticleSystems":true,"showVisualEffectGraphs":true,"m_FxEnabled":true},"in2DMode":false,"pivot":{"x":0.4504285752773285,"y":3.4270999431610109,"z":-1.0279686450958253},"rotation":{"x":0.00034633470932021737,"y":0.9996433258056641,"z":0.016495605930685998,"w":-0.02099526673555374},"size":0.6659915447235107,"orthographic":false}