{"cameraMode":{"drawMode":0,"name":"Shaded","section":"Shading Mode"},"sceneLighting":false,"audioPlay":false,"sceneViewState":{"m_AlwaysRefresh":false,"showFog":true,"showSkybox":true,"showFlares":true,"showImageEffects":true,"showParticleSystems":true,"showVisualEffectGraphs":true,"m_FxEnabled":true},"in2DMode":false,"pivot":{"x":0.22897778451442719,"y":3.1098268032073976,"z":-1.2172906398773194},"rotation":{"x":0.003075504908338189,"y":0.9823395609855652,"z":-0.18637792766094209,"w":0.01621006429195404},"size":0.993174135684967,"orthographic":false}