{"cameraMode":{"drawMode":0,"name":"Shaded","section":"Shading Mode"},"sceneLighting":false,"audioPlay":false,"sceneViewState":{"m_AlwaysRefresh":false,"showFog":true,"showSkybox":true,"showFlares":true,"showImageEffects":true,"showParticleSystems":true,"showVisualEffectGraphs":true,"m_FxEnabled":true},"in2DMode":false,"pivot":{"x":0.3681880235671997,"y":3.535233974456787,"z":-0.9130380153656006},"rotation":{"x":-0.00681451428681612,"y":0.9927355051040649,"z":-0.06860761344432831,"w":-0.09860315173864365},"size":0.7518500089645386,"orthographic":false}