{"cameraMode":{"drawMode":0,"name":"Shaded","section":"Shading Mode"},"sceneLighting":false,"audioPlay":false,"sceneViewState":{"m_AlwaysRefresh":false,"showFog":true,"showSkybox":true,"showFlares":true,"showImageEffects":true,"showParticleSystems":true,"showVisualEffectGraphs":true,"m_FxEnabled":true},"in2DMode":false,"pivot":{"x":0.3232465982437134,"y":3.517756938934326,"z":-0.6475546360015869},"rotation":{"x":0.022398361936211587,"y":0.9756771922111511,"z":-0.1820831298828125,"w":0.12002096325159073},"size":0.2012016922235489,"orthographic":false}