{"cameraMode":{"drawMode":0,"name":"Shaded","section":"Shading Mode"},"sceneLighting":false,"audioPlay":false,"sceneViewState":{"m_AlwaysRefresh":false,"showFog":true,"showSkybox":true,"showFlares":true,"showImageEffects":true,"showParticleSystems":true,"showVisualEffectGraphs":true,"m_FxEnabled":true},"in2DMode":false,"pivot":{"x":0.3676232099533081,"y":3.129223108291626,"z":-0.4443373680114746},"rotation":{"x":0.011161752045154572,"y":0.9882458448410034,"z":-0.12367609143257141,"w":0.08918295055627823},"size":0.7583805918693543,"orthographic":false}