{"cameraMode":{"drawMode":0,"name":"Shaded","section":"Shading Mode"},"sceneLighting":false,"audioPlay":false,"sceneViewState":{"m_AlwaysRefresh":false,"showFog":true,"showSkybox":true,"showFlares":true,"showImageEffects":true,"showParticleSystems":true,"showVisualEffectGraphs":true,"m_FxEnabled":true},"in2DMode":false,"pivot":{"x":0.12102244794368744,"y":3.5503904819488527,"z":-0.5393441915512085},"rotation":{"x":0.04558583348989487,"y":0.8234726190567017,"z":-0.0668475404381752,"w":0.5615566968917847},"size":0.0957910567522049,"orthographic":false}