{"cameraMode":{"drawMode":0,"name":"Shaded","section":"Shading Mode"},"sceneLighting":true,"audioPlay":false,"sceneViewState":{"m_AlwaysRefresh":false,"showFog":true,"showSkybox":true,"showFlares":true,"showImageEffects":true,"showParticleSystems":true,"showVisualEffectGraphs":true,"m_FxEnabled":true},"in2DMode":false,"pivot":{"x":0.3880239427089691,"y":5.232790470123291,"z":0.027130886912345887},"rotation":{"x":0.07364325225353241,"y":0.9178148508071899,"z":-0.20283518731594087,"w":0.3332589268684387},"size":0.3001367747783661,"orthographic":false}